image_id,label,source,fold
Train_0.jpg,2,2,1
Train_1.jpg,3,2,2
Train_2.jpg,4,2,4
Train_3.jpg,1,2,3
Train_4.jpg,4,2,0
Train_5.jpg,4,2,4
Train_6.jpg,3,2,1
Train_7.jpg,2,2,4
Train_8.jpg,2,2,4
Train_9.jpg,4,2,1
Train_10.jpg,1,2,1
Train_11.jpg,2,2,3
Train_12.jpg,2,2,1
Train_13.jpg,4,2,1
Train_14.jpg,1,2,1
Train_15.jpg,1,2,4
Train_16.jpg,2,2,2
Train_17.jpg,2,2,4
Train_18.jpg,4,2,0
Train_19.jpg,2,2,0
Train_20.jpg,2,2,0
Train_21.jpg,1,2,3
Train_22.jpg,2,2,3
Train_23.jpg,1,2,3
Train_24.jpg,4,2,1
Train_25.jpg,3,2,4
Train_26.jpg,1,2,3
Train_27.jpg,2,2,3
Train_28.jpg,2,2,0
Train_29.jpg,2,2,2
Train_30.jpg,2,2,1
Train_31.jpg,1,2,0
Train_32.jpg,2,2,0
Train_33.jpg,4,2,0
Train_34.jpg,1,2,4
Train_35.jpg,1,2,1
Train_36.jpg,3,2,1
Train_37.jpg,1,2,2
Train_38.jpg,1,2,1
Train_39.jpg,1,2,4
Train_40.jpg,2,2,1
Train_41.jpg,2,2,2
Train_42.jpg,2,2,3
Train_43.jpg,4,2,4
Train_44.jpg,2,2,1
Train_45.jpg,1,2,0
Train_46.jpg,4,2,3
Train_47.jpg,1,2,3
Train_48.jpg,2,2,4
Train_49.jpg,2,2,0
Train_50.jpg,1,2,4
Train_51.jpg,2,2,4
Train_52.jpg,2,2,3
Train_53.jpg,4,2,4
Train_54.jpg,4,2,3
Train_55.jpg,4,2,1
Train_56.jpg,2,2,4
Train_57.jpg,1,2,2
Train_58.jpg,1,2,3
Train_59.jpg,1,2,4
Train_60.jpg,1,2,3
Train_61.jpg,2,2,0
Train_62.jpg,3,2,2
Train_63.jpg,4,2,4
Train_64.jpg,1,2,2
Train_65.jpg,2,2,3
Train_66.jpg,4,2,0
Train_67.jpg,4,2,3
Train_68.jpg,4,2,0
Train_69.jpg,1,2,2
Train_70.jpg,4,2,1
Train_71.jpg,1,2,1
Train_72.jpg,4,2,4
Train_73.jpg,2,2,1
Train_74.jpg,3,2,3
Train_75.jpg,1,2,1
Train_76.jpg,2,2,3
Train_77.jpg,4,2,2
Train_78.jpg,2,2,1
Train_79.jpg,2,2,0
Train_80.jpg,2,2,2
Train_81.jpg,1,2,2
Train_82.jpg,1,2,1
Train_83.jpg,2,2,0
Train_84.jpg,2,2,4
Train_85.jpg,2,2,0
Train_86.jpg,4,2,4
Train_87.jpg,1,2,2
Train_88.jpg,4,2,2
Train_89.jpg,1,2,3
Train_90.jpg,4,2,1
Train_91.jpg,2,2,3
Train_92.jpg,1,2,0
Train_93.jpg,1,2,0
Train_94.jpg,4,2,2
Train_95.jpg,3,2,3
Train_96.jpg,1,2,1
Train_97.jpg,1,2,0
Train_98.jpg,1,2,1
Train_99.jpg,4,2,0
Train_100.jpg,4,2,4
Train_101.jpg,2,2,4
Train_102.jpg,1,2,0
Train_103.jpg,4,2,2
Train_104.jpg,3,2,0
Train_105.jpg,4,2,1
Train_106.jpg,2,2,4
Train_107.jpg,2,2,4
Train_108.jpg,1,2,1
Train_109.jpg,1,2,1
Train_110.jpg,2,2,1
Train_111.jpg,4,2,0
Train_112.jpg,2,2,0
Train_113.jpg,3,2,4
Train_114.jpg,1,2,4
Train_115.jpg,1,2,0
Train_116.jpg,2,2,1
Train_117.jpg,1,2,1
Train_118.jpg,1,2,4
Train_119.jpg,2,2,3
Train_120.jpg,1,2,1
Train_121.jpg,1,2,1
Train_122.jpg,3,2,1
Train_123.jpg,4,2,2
Train_124.jpg,1,2,4
Train_125.jpg,2,2,3
Train_126.jpg,1,2,1
Train_127.jpg,2,2,3
Train_128.jpg,3,2,2
Train_129.jpg,1,2,2
Train_130.jpg,2,2,3
Train_131.jpg,1,2,2
Train_132.jpg,1,2,1
Train_133.jpg,1,2,3
Train_134.jpg,4,2,1
Train_135.jpg,4,2,0
Train_136.jpg,4,2,4
Train_137.jpg,4,2,3
Train_138.jpg,2,2,1
Train_139.jpg,1,2,2
Train_140.jpg,2,2,2
Train_141.jpg,1,2,4
Train_142.jpg,2,2,1
Train_143.jpg,2,2,1
Train_144.jpg,4,2,2
Train_145.jpg,2,2,0
Train_146.jpg,4,2,0
Train_147.jpg,2,2,1
Train_148.jpg,1,2,3
Train_149.jpg,2,2,3
Train_150.jpg,2,2,1
Train_151.jpg,4,2,4
Train_152.jpg,2,2,2
Train_153.jpg,2,2,3
Train_154.jpg,2,2,3
Train_155.jpg,2,2,2
Train_156.jpg,1,2,1
Train_157.jpg,1,2,2
Train_158.jpg,2,2,0
Train_159.jpg,1,2,4
Train_160.jpg,2,2,2
Train_161.jpg,2,2,4
Train_162.jpg,4,2,1
Train_163.jpg,2,2,2
Train_164.jpg,1,2,0
Train_165.jpg,1,2,4
Train_166.jpg,2,2,3
Train_167.jpg,4,2,1
Train_168.jpg,2,2,4
Train_169.jpg,2,2,3
Train_170.jpg,3,2,0
Train_171.jpg,1,2,0
Train_172.jpg,2,2,0
Train_173.jpg,2,2,2
Train_174.jpg,4,2,4
Train_175.jpg,4,2,2
Train_176.jpg,2,2,1
Train_177.jpg,2,2,1
Train_178.jpg,1,2,3
Train_179.jpg,4,2,3
Train_180.jpg,3,2,1
Train_181.jpg,1,2,3
Train_182.jpg,2,2,1
Train_183.jpg,1,2,2
Train_184.jpg,1,2,4
Train_185.jpg,2,2,1
Train_186.jpg,2,2,1
Train_187.jpg,1,2,2
Train_188.jpg,1,2,2
Train_189.jpg,2,2,0
Train_190.jpg,2,2,1
Train_191.jpg,2,2,0
Train_192.jpg,2,2,3
Train_193.jpg,1,2,3
Train_194.jpg,1,2,2
Train_195.jpg,4,2,3
Train_196.jpg,2,2,0
Train_197.jpg,2,2,1
Train_198.jpg,4,2,0
Train_199.jpg,4,2,0
Train_200.jpg,2,2,1
Train_201.jpg,4,2,3
Train_202.jpg,1,2,2
Train_203.jpg,2,2,2
Train_204.jpg,2,2,3
Train_205.jpg,1,2,2
Train_206.jpg,1,2,3
Train_207.jpg,2,2,0
Train_208.jpg,1,2,4
Train_209.jpg,2,2,3
Train_210.jpg,2,2,2
Train_211.jpg,2,2,4
Train_212.jpg,1,2,1
Train_213.jpg,4,2,0
Train_214.jpg,2,2,2
Train_215.jpg,4,2,4
Train_216.jpg,2,2,2
Train_217.jpg,2,2,3
Train_218.jpg,1,2,4
Train_219.jpg,4,2,1
Train_220.jpg,4,2,3
Train_221.jpg,4,2,4
Train_222.jpg,2,2,4
Train_223.jpg,1,2,2
Train_224.jpg,4,2,2
Train_225.jpg,1,2,1
Train_226.jpg,1,2,2
Train_227.jpg,4,2,4
Train_228.jpg,1,2,0
Train_229.jpg,2,2,2
Train_230.jpg,2,2,3
Train_231.jpg,3,2,3
Train_232.jpg,2,2,1
Train_233.jpg,1,2,3
Train_234.jpg,2,2,3
Train_235.jpg,2,2,4
Train_236.jpg,1,2,3
Train_237.jpg,3,2,4
Train_238.jpg,4,2,4
Train_239.jpg,2,2,1
Train_240.jpg,1,2,4
Train_241.jpg,1,2,4
Train_242.jpg,2,2,4
Train_243.jpg,2,2,1
Train_244.jpg,1,2,3
Train_245.jpg,3,2,3
Train_246.jpg,4,2,4
Train_247.jpg,4,2,3
Train_248.jpg,4,2,0
Train_249.jpg,4,2,0
Train_250.jpg,2,2,0
Train_251.jpg,2,2,1
Train_252.jpg,2,2,1
Train_253.jpg,2,2,3
Train_254.jpg,1,2,4
Train_255.jpg,2,2,0
Train_256.jpg,2,2,4
Train_257.jpg,4,2,4
Train_258.jpg,2,2,1
Train_259.jpg,1,2,4
Train_260.jpg,2,2,3
Train_261.jpg,4,2,0
Train_262.jpg,2,2,2
Train_263.jpg,4,2,0
Train_264.jpg,4,2,3
Train_265.jpg,4,2,1
Train_266.jpg,4,2,2
Train_267.jpg,2,2,1
Train_268.jpg,2,2,1
Train_269.jpg,1,2,4
Train_270.jpg,2,2,3
Train_271.jpg,4,2,1
Train_272.jpg,2,2,2
Train_273.jpg,4,2,2
Train_274.jpg,1,2,1
Train_275.jpg,1,2,4
Train_276.jpg,2,2,1
Train_277.jpg,1,2,1
Train_278.jpg,4,2,3
Train_279.jpg,1,2,4
Train_280.jpg,2,2,2
Train_281.jpg,2,2,2
Train_282.jpg,4,2,4
Train_283.jpg,2,2,4
Train_284.jpg,1,2,1
Train_285.jpg,1,2,3
Train_286.jpg,1,2,1
Train_287.jpg,4,2,1
Train_288.jpg,1,2,0
Train_289.jpg,1,2,2
Train_290.jpg,2,2,4
Train_291.jpg,4,2,2
Train_292.jpg,2,2,0
Train_293.jpg,2,2,0
Train_294.jpg,1,2,2
Train_295.jpg,4,2,1
Train_296.jpg,2,2,3
Train_297.jpg,2,2,3
Train_298.jpg,4,2,1
Train_299.jpg,1,2,2
Train_300.jpg,4,2,4
Train_301.jpg,1,2,3
Train_302.jpg,1,2,1
Train_303.jpg,2,2,4
Train_304.jpg,4,2,2
Train_305.jpg,2,2,0
Train_306.jpg,3,2,3
Train_307.jpg,4,2,2
Train_308.jpg,2,2,4
Train_309.jpg,2,2,2
Train_310.jpg,2,2,4
Train_311.jpg,4,2,2
Train_312.jpg,2,2,2
Train_313.jpg,1,2,4
Train_314.jpg,1,2,1
Train_315.jpg,2,2,1
Train_316.jpg,2,2,1
Train_317.jpg,4,2,4
Train_318.jpg,1,2,4
Train_319.jpg,2,2,3
Train_320.jpg,4,2,1
Train_321.jpg,1,2,0
Train_322.jpg,1,2,2
Train_323.jpg,1,2,4
Train_324.jpg,2,2,3
Train_325.jpg,2,2,4
Train_326.jpg,2,2,3
Train_327.jpg,1,2,4
Train_328.jpg,1,2,3
Train_329.jpg,4,2,4
Train_330.jpg,4,2,0
Train_331.jpg,1,2,4
Train_332.jpg,2,2,4
Train_333.jpg,1,2,0
Train_334.jpg,1,2,3
Train_335.jpg,4,2,0
Train_336.jpg,3,2,2
Train_337.jpg,4,2,1
Train_338.jpg,3,2,0
Train_339.jpg,4,2,3
Train_340.jpg,1,2,2
Train_341.jpg,1,2,0
Train_342.jpg,1,2,0
Train_343.jpg,2,2,1
Train_344.jpg,1,2,4
Train_345.jpg,1,2,0
Train_346.jpg,1,2,0
Train_347.jpg,1,2,3
Train_348.jpg,4,2,3
Train_349.jpg,2,2,1
Train_350.jpg,1,2,3
Train_351.jpg,1,2,0
Train_352.jpg,2,2,3
Train_353.jpg,2,2,3
Train_354.jpg,2,2,2
Train_355.jpg,2,2,4
Train_356.jpg,4,2,4
Train_357.jpg,4,2,2
Train_358.jpg,2,2,2
Train_359.jpg,4,2,4
Train_360.jpg,4,2,2
Train_361.jpg,2,2,2
Train_362.jpg,2,2,0
Train_363.jpg,3,2,3
Train_364.jpg,2,2,1
Train_365.jpg,4,2,3
Train_366.jpg,4,2,2
Train_367.jpg,4,2,4
Train_368.jpg,1,2,1
Train_369.jpg,1,2,3
Train_370.jpg,2,2,3
Train_371.jpg,1,2,1
Train_372.jpg,2,2,0
Train_373.jpg,4,2,3
Train_374.jpg,2,2,3
Train_375.jpg,4,2,3
Train_376.jpg,4,2,3
Train_377.jpg,2,2,4
Train_378.jpg,4,2,3
Train_379.jpg,2,2,3
Train_380.jpg,4,2,0
Train_381.jpg,2,2,2
Train_382.jpg,2,2,2
Train_383.jpg,4,2,1
Train_384.jpg,1,2,4
Train_385.jpg,1,2,3
Train_386.jpg,1,2,1
Train_387.jpg,1,2,0
Train_388.jpg,2,2,4
Train_389.jpg,4,2,4
Train_390.jpg,1,2,0
Train_391.jpg,3,2,2
Train_392.jpg,4,2,2
Train_393.jpg,4,2,1
Train_394.jpg,1,2,1
Train_395.jpg,3,2,1
Train_396.jpg,4,2,1
Train_397.jpg,4,2,1
Train_398.jpg,2,2,3
Train_399.jpg,3,2,1
Train_400.jpg,2,2,1
Train_401.jpg,2,2,0
Train_402.jpg,1,2,0
Train_403.jpg,1,2,0
Train_404.jpg,4,2,1
Train_405.jpg,4,2,1
Train_406.jpg,4,2,1
Train_407.jpg,4,2,4
Train_408.jpg,1,2,1
Train_409.jpg,2,2,3
Train_410.jpg,1,2,1
Train_411.jpg,1,2,2
Train_412.jpg,4,2,3
Train_413.jpg,1,2,4
Train_414.jpg,2,2,1
Train_415.jpg,4,2,0
Train_416.jpg,1,2,1
Train_417.jpg,4,2,3
Train_418.jpg,3,2,2
Train_419.jpg,2,2,3
Train_420.jpg,4,2,1
Train_421.jpg,4,2,2
Train_422.jpg,1,2,1
Train_423.jpg,2,2,0
Train_424.jpg,2,2,2
Train_425.jpg,4,2,4
Train_426.jpg,1,2,4
Train_427.jpg,4,2,0
Train_428.jpg,3,2,1
Train_429.jpg,2,2,3
Train_430.jpg,4,2,3
Train_431.jpg,2,2,1
Train_432.jpg,4,2,0
Train_433.jpg,4,2,3
Train_434.jpg,1,2,2
Train_435.jpg,1,2,1
Train_436.jpg,3,2,4
Train_437.jpg,2,2,0
Train_438.jpg,4,2,3
Train_439.jpg,4,2,3
Train_440.jpg,1,2,1
Train_441.jpg,1,2,1
Train_442.jpg,2,2,2
Train_443.jpg,4,2,2
Train_444.jpg,4,2,0
Train_445.jpg,1,2,0
Train_446.jpg,4,2,2
Train_447.jpg,1,2,1
Train_448.jpg,4,2,1
Train_449.jpg,2,2,3
Train_450.jpg,4,2,3
Train_451.jpg,1,2,3
Train_452.jpg,4,2,3
Train_453.jpg,1,2,3
Train_454.jpg,2,2,3
Train_455.jpg,1,2,3
Train_456.jpg,1,2,4
Train_457.jpg,2,2,1
Train_458.jpg,1,2,0
Train_459.jpg,2,2,1
Train_460.jpg,4,2,1
Train_461.jpg,1,2,3
Train_462.jpg,1,2,4
Train_463.jpg,2,2,3
Train_464.jpg,1,2,4
Train_465.jpg,1,2,1
Train_466.jpg,4,2,4
Train_467.jpg,1,2,0
Train_468.jpg,1,2,0
Train_469.jpg,1,2,4
Train_470.jpg,2,2,1
Train_471.jpg,2,2,1
Train_472.jpg,1,2,0
Train_473.jpg,2,2,0
Train_474.jpg,4,2,4
Train_475.jpg,4,2,2
Train_476.jpg,4,2,1
Train_477.jpg,2,2,3
Train_478.jpg,4,2,4
Train_479.jpg,1,2,3
Train_480.jpg,3,2,2
Train_481.jpg,1,2,4
Train_482.jpg,1,2,1
Train_483.jpg,1,2,3
Train_484.jpg,3,2,3
Train_485.jpg,1,2,1
Train_486.jpg,1,2,1
Train_487.jpg,1,2,2
Train_488.jpg,4,2,3
Train_489.jpg,2,2,1
Train_490.jpg,2,2,4
Train_491.jpg,4,2,1
Train_492.jpg,1,2,0
Train_493.jpg,3,2,1
Train_494.jpg,2,2,2
Train_495.jpg,1,2,0
Train_496.jpg,4,2,2
Train_497.jpg,1,2,3
Train_498.jpg,2,2,2
Train_499.jpg,1,2,3
Train_500.jpg,1,2,0
Train_501.jpg,1,2,2
Train_502.jpg,4,2,4
Train_503.jpg,2,2,4
Train_504.jpg,1,2,1
Train_505.jpg,2,2,1
Train_506.jpg,1,2,2
Train_507.jpg,1,2,4
Train_508.jpg,1,2,4
Train_509.jpg,1,2,2
Train_510.jpg,1,2,4
Train_511.jpg,1,2,4
Train_512.jpg,1,2,2
Train_513.jpg,1,2,1
Train_514.jpg,1,2,2
Train_515.jpg,1,2,0
Train_516.jpg,1,2,1
Train_517.jpg,3,2,4
Train_518.jpg,1,2,4
Train_519.jpg,1,2,3
Train_520.jpg,2,2,1
Train_521.jpg,2,2,4
Train_522.jpg,1,2,2
Train_523.jpg,1,2,1
Train_524.jpg,2,2,3
Train_525.jpg,4,2,0
Train_526.jpg,4,2,2
Train_527.jpg,2,2,3
Train_528.jpg,2,2,1
Train_529.jpg,4,2,1
Train_530.jpg,2,2,2
Train_531.jpg,4,2,2
Train_532.jpg,4,2,2
Train_533.jpg,1,2,2
Train_534.jpg,1,2,0
Train_535.jpg,3,2,2
Train_536.jpg,1,2,4
Train_537.jpg,4,2,1
Train_538.jpg,2,2,2
Train_539.jpg,1,2,2
Train_540.jpg,2,2,0
Train_541.jpg,1,2,0
Train_542.jpg,1,2,3
Train_543.jpg,3,2,3
Train_544.jpg,4,2,1
Train_545.jpg,4,2,0
Train_546.jpg,4,2,2
Train_547.jpg,4,2,2
Train_548.jpg,2,2,1
Train_549.jpg,1,2,3
Train_550.jpg,4,2,0
Train_551.jpg,4,2,2
Train_552.jpg,2,2,1
Train_553.jpg,1,2,4
Train_554.jpg,1,2,1
Train_555.jpg,2,2,2
Train_556.jpg,2,2,0
Train_557.jpg,1,2,3
Train_558.jpg,4,2,1
Train_559.jpg,2,2,4
Train_560.jpg,1,2,4
Train_561.jpg,2,2,4
Train_562.jpg,4,2,4
Train_563.jpg,3,2,0
Train_564.jpg,1,2,3
Train_565.jpg,2,2,3
Train_566.jpg,4,2,3
Train_567.jpg,1,2,2
Train_568.jpg,2,2,4
Train_569.jpg,4,2,1
Train_570.jpg,2,2,0
Train_571.jpg,1,2,2
Train_572.jpg,4,2,3
Train_573.jpg,4,2,4
Train_574.jpg,1,2,3
Train_575.jpg,1,2,2
Train_576.jpg,2,2,0
Train_577.jpg,1,2,1
Train_578.jpg,1,2,2
Train_579.jpg,4,2,0
Train_580.jpg,1,2,1
Train_581.jpg,2,2,2
Train_582.jpg,1,2,2
Train_583.jpg,2,2,4
Train_584.jpg,1,2,0
Train_585.jpg,1,2,4
Train_586.jpg,1,2,2
Train_587.jpg,4,2,3
Train_588.jpg,1,2,0
Train_589.jpg,2,2,0
Train_590.jpg,1,2,3
Train_591.jpg,4,2,0
Train_592.jpg,4,2,2
Train_593.jpg,2,2,3
Train_594.jpg,1,2,0
Train_595.jpg,4,2,0
Train_596.jpg,1,2,0
Train_597.jpg,4,2,4
Train_598.jpg,1,2,4
Train_599.jpg,2,2,1
Train_600.jpg,2,2,4
Train_601.jpg,4,2,3
Train_602.jpg,3,2,3
Train_603.jpg,4,2,2
Train_604.jpg,2,2,1
Train_605.jpg,4,2,0
Train_606.jpg,1,2,1
Train_607.jpg,1,2,4
Train_608.jpg,1,2,3
Train_609.jpg,1,2,3
Train_610.jpg,1,2,4
Train_611.jpg,1,2,3
Train_612.jpg,1,2,4
Train_613.jpg,1,2,4
Train_614.jpg,2,2,3
Train_615.jpg,1,2,1
Train_616.jpg,4,2,1
Train_617.jpg,2,2,2
Train_618.jpg,4,2,3
Train_619.jpg,4,2,3
Train_620.jpg,1,2,3
Train_621.jpg,4,2,2
Train_622.jpg,4,2,0
Train_623.jpg,1,2,0
Train_624.jpg,2,2,2
Train_625.jpg,2,2,0
Train_626.jpg,4,2,4
Train_627.jpg,1,2,2
Train_628.jpg,2,2,0
Train_629.jpg,3,2,2
Train_630.jpg,4,2,1
Train_631.jpg,2,2,1
Train_632.jpg,1,2,0
Train_633.jpg,1,2,4
Train_634.jpg,1,2,2
Train_635.jpg,4,2,4
Train_636.jpg,2,2,4
Train_637.jpg,4,2,4
Train_638.jpg,2,2,3
Train_639.jpg,1,2,2
Train_640.jpg,1,2,4
Train_641.jpg,2,2,1
Train_642.jpg,4,2,1
Train_643.jpg,1,2,3
Train_644.jpg,4,2,4
Train_645.jpg,3,2,3
Train_646.jpg,4,2,3
Train_647.jpg,1,2,4
Train_648.jpg,4,2,1
Train_649.jpg,2,2,2
Train_650.jpg,4,2,4
Train_651.jpg,2,2,0
Train_652.jpg,1,2,0
Train_653.jpg,2,2,0
Train_654.jpg,1,2,2
Train_655.jpg,2,2,4
Train_656.jpg,1,2,1
Train_657.jpg,4,2,0
Train_658.jpg,2,2,0
Train_659.jpg,2,2,3
Train_660.jpg,4,2,3
Train_661.jpg,2,2,0
Train_662.jpg,2,2,2
Train_663.jpg,2,2,1
Train_664.jpg,2,2,0
Train_665.jpg,4,2,3
Train_666.jpg,1,2,0
Train_667.jpg,1,2,4
Train_668.jpg,1,2,3
Train_669.jpg,2,2,1
Train_670.jpg,1,2,0
Train_671.jpg,4,2,1
Train_672.jpg,1,2,4
Train_673.jpg,2,2,0
Train_674.jpg,2,2,3
Train_675.jpg,4,2,2
Train_676.jpg,4,2,2
Train_677.jpg,2,2,3
Train_678.jpg,4,2,2
Train_679.jpg,4,2,1
Train_680.jpg,2,2,2
Train_681.jpg,2,2,2
Train_682.jpg,3,2,0
Train_683.jpg,1,2,1
Train_684.jpg,4,2,1
Train_685.jpg,4,2,2
Train_686.jpg,2,2,2
Train_687.jpg,1,2,2
Train_688.jpg,2,2,0
Train_689.jpg,1,2,3
Train_690.jpg,1,2,0
Train_691.jpg,4,2,2
Train_692.jpg,2,2,3
Train_693.jpg,1,2,2
Train_694.jpg,4,2,3
Train_695.jpg,1,2,1
Train_696.jpg,2,2,3
Train_697.jpg,1,2,1
Train_698.jpg,2,2,2
Train_699.jpg,2,2,0
Train_700.jpg,1,2,3
Train_701.jpg,4,2,4
Train_702.jpg,3,2,1
Train_703.jpg,4,2,0
Train_704.jpg,4,2,2
Train_705.jpg,1,2,2
Train_706.jpg,1,2,4
Train_707.jpg,1,2,0
Train_708.jpg,2,2,4
Train_709.jpg,2,2,3
Train_710.jpg,4,2,4
Train_711.jpg,4,2,1
Train_712.jpg,1,2,2
Train_713.jpg,2,2,1
Train_714.jpg,1,2,3
Train_715.jpg,1,2,4
Train_716.jpg,2,2,2
Train_717.jpg,2,2,4
Train_718.jpg,1,2,2
Train_719.jpg,1,2,3
Train_720.jpg,4,2,1
Train_721.jpg,2,2,0
Train_722.jpg,1,2,3
Train_723.jpg,2,2,4
Train_724.jpg,1,2,2
Train_725.jpg,4,2,4
Train_726.jpg,1,2,0
Train_727.jpg,2,2,3
Train_728.jpg,1,2,2
Train_729.jpg,2,2,2
Train_730.jpg,4,2,2
Train_731.jpg,4,2,2
Train_732.jpg,3,2,0
Train_733.jpg,2,2,4
Train_734.jpg,1,2,1
Train_735.jpg,1,2,2
Train_736.jpg,2,2,1
Train_737.jpg,4,2,3
Train_738.jpg,1,2,4
Train_739.jpg,1,2,0
Train_740.jpg,2,2,2
Train_741.jpg,1,2,4
Train_742.jpg,1,2,0
Train_743.jpg,1,2,2
Train_744.jpg,1,2,4
Train_745.jpg,1,2,2
Train_746.jpg,4,2,1
Train_747.jpg,4,2,4
Train_748.jpg,2,2,3
Train_749.jpg,1,2,3
Train_750.jpg,1,2,1
Train_751.jpg,2,2,3
Train_752.jpg,4,2,2
Train_753.jpg,4,2,0
Train_754.jpg,3,2,4
Train_755.jpg,4,2,0
Train_756.jpg,2,2,3
Train_757.jpg,2,2,1
Train_758.jpg,2,2,0
Train_759.jpg,1,2,0
Train_760.jpg,1,2,1
Train_761.jpg,4,2,4
Train_762.jpg,3,2,4
Train_763.jpg,1,2,0
Train_764.jpg,1,2,0
Train_765.jpg,2,2,4
Train_766.jpg,1,2,0
Train_767.jpg,1,2,4
Train_768.jpg,4,2,3
Train_769.jpg,4,2,2
Train_770.jpg,2,2,2
Train_771.jpg,2,2,2
Train_772.jpg,4,2,2
Train_773.jpg,4,2,1
Train_774.jpg,4,2,3
Train_775.jpg,2,2,2
Train_776.jpg,4,2,3
Train_777.jpg,4,2,2
Train_778.jpg,1,2,1
Train_779.jpg,1,2,1
Train_780.jpg,2,2,0
Train_781.jpg,4,2,0
Train_782.jpg,4,2,1
Train_783.jpg,2,2,3
Train_784.jpg,1,2,0
Train_785.jpg,2,2,4
Train_786.jpg,4,2,0
Train_787.jpg,2,2,4
Train_788.jpg,4,2,3
Train_789.jpg,1,2,3
Train_790.jpg,1,2,3
Train_791.jpg,4,2,0
Train_792.jpg,2,2,3
Train_793.jpg,2,2,4
Train_794.jpg,4,2,3
Train_795.jpg,2,2,1
Train_796.jpg,1,2,1
Train_797.jpg,2,2,0
Train_798.jpg,1,2,4
Train_799.jpg,1,2,1
Train_800.jpg,4,2,1
Train_801.jpg,4,2,0
Train_802.jpg,4,2,0
Train_803.jpg,2,2,2
Train_804.jpg,1,2,0
Train_805.jpg,4,2,0
Train_806.jpg,2,2,0
Train_807.jpg,4,2,4
Train_808.jpg,2,2,2
Train_809.jpg,4,2,1
Train_810.jpg,2,2,0
Train_811.jpg,4,2,0
Train_812.jpg,4,2,0
Train_813.jpg,2,2,3
Train_814.jpg,1,2,2
Train_815.jpg,4,2,0
Train_816.jpg,1,2,0
Train_817.jpg,4,2,3
Train_818.jpg,2,2,1
Train_819.jpg,2,2,4
Train_820.jpg,2,2,4
Train_821.jpg,1,2,0
Train_822.jpg,1,2,3
Train_823.jpg,2,2,0
Train_824.jpg,2,2,1
Train_825.jpg,1,2,3
Train_826.jpg,4,2,2
Train_827.jpg,1,2,1
Train_828.jpg,1,2,2
Train_829.jpg,1,2,1
Train_830.jpg,1,2,4
Train_831.jpg,2,2,0
Train_832.jpg,1,2,0
Train_833.jpg,4,2,0
Train_834.jpg,4,2,1
Train_835.jpg,4,2,0
Train_836.jpg,1,2,1
Train_837.jpg,1,2,4
Train_838.jpg,2,2,3
Train_839.jpg,4,2,4
Train_840.jpg,1,2,2
Train_841.jpg,1,2,2
Train_842.jpg,2,2,0
Train_843.jpg,1,2,0
Train_844.jpg,2,2,4
Train_845.jpg,2,2,3
Train_846.jpg,2,2,0
Train_847.jpg,1,2,2
Train_848.jpg,1,2,1
Train_849.jpg,4,2,0
Train_850.jpg,4,2,4
Train_851.jpg,2,2,2
Train_852.jpg,1,2,0
Train_853.jpg,1,2,3
Train_854.jpg,2,2,3
Train_855.jpg,1,2,0
Train_856.jpg,2,2,1
Train_857.jpg,3,2,0
Train_858.jpg,2,2,3
Train_859.jpg,2,2,1
Train_860.jpg,1,2,3
Train_861.jpg,2,2,0
Train_862.jpg,2,2,0
Train_863.jpg,4,2,1
Train_864.jpg,4,2,4
Train_865.jpg,1,2,2
Train_866.jpg,4,2,2
Train_867.jpg,1,2,4
Train_868.jpg,2,2,0
Train_869.jpg,2,2,2
Train_870.jpg,2,2,2
Train_871.jpg,2,2,4
Train_872.jpg,4,2,0
Train_873.jpg,1,2,2
Train_874.jpg,1,2,4
Train_875.jpg,1,2,0
Train_876.jpg,1,2,2
Train_877.jpg,4,2,3
Train_878.jpg,2,2,0
Train_879.jpg,2,2,0
Train_880.jpg,4,2,4
Train_881.jpg,4,2,4
Train_882.jpg,4,2,1
Train_883.jpg,2,2,0
Train_884.jpg,1,2,4
Train_885.jpg,4,2,4
Train_886.jpg,3,2,0
Train_887.jpg,4,2,4
Train_888.jpg,1,2,2
Train_889.jpg,1,2,2
Train_890.jpg,4,2,2
Train_891.jpg,2,2,2
Train_892.jpg,1,2,4
Train_893.jpg,4,2,4
Train_894.jpg,2,2,2
Train_895.jpg,4,2,1
Train_896.jpg,4,2,4
Train_897.jpg,4,2,1
Train_898.jpg,2,2,1
Train_899.jpg,2,2,4
Train_900.jpg,1,2,2
Train_901.jpg,4,2,0
Train_902.jpg,2,2,0
Train_903.jpg,4,2,2
Train_904.jpg,2,2,0
Train_905.jpg,3,2,3
Train_906.jpg,2,2,2
Train_907.jpg,4,2,4
Train_908.jpg,4,2,3
Train_909.jpg,4,2,4
Train_910.jpg,1,2,3
Train_911.jpg,1,2,2
Train_912.jpg,1,2,4
Train_913.jpg,1,2,4
Train_914.jpg,4,2,1
Train_915.jpg,4,2,0
Train_916.jpg,1,2,2
Train_917.jpg,2,2,1
Train_918.jpg,4,2,2
Train_919.jpg,4,2,1
Train_920.jpg,1,2,3
Train_921.jpg,4,2,1
Train_922.jpg,2,2,4
Train_923.jpg,4,2,4
Train_924.jpg,4,2,0
Train_925.jpg,1,2,4
Train_926.jpg,2,2,2
Train_927.jpg,2,2,2
Train_928.jpg,1,2,2
Train_929.jpg,4,2,0
Train_930.jpg,2,2,0
Train_931.jpg,1,2,3
Train_932.jpg,2,2,3
Train_933.jpg,2,2,2
Train_934.jpg,4,2,4
Train_935.jpg,4,2,0
Train_936.jpg,3,2,0
Train_937.jpg,4,2,3
Train_938.jpg,1,2,2
Train_939.jpg,4,2,3
Train_940.jpg,1,2,0
Train_941.jpg,2,2,2
Train_942.jpg,4,2,2
Train_943.jpg,2,2,0
Train_944.jpg,1,2,3
Train_945.jpg,1,2,1
Train_946.jpg,2,2,2
Train_947.jpg,4,2,0
Train_948.jpg,4,2,2
Train_949.jpg,3,2,1
Train_950.jpg,1,2,0
Train_951.jpg,4,2,4
Train_952.jpg,4,2,3
Train_953.jpg,4,2,4
Train_954.jpg,2,2,3
Train_955.jpg,2,2,2
Train_956.jpg,4,2,0
Train_957.jpg,1,2,0
Train_958.jpg,4,2,2
Train_959.jpg,4,2,2
Train_960.jpg,4,2,1
Train_961.jpg,4,2,1
Train_962.jpg,1,2,4
Train_963.jpg,4,2,0
Train_964.jpg,2,2,4
Train_965.jpg,1,2,1
Train_966.jpg,4,2,0
Train_967.jpg,2,2,0
Train_968.jpg,4,2,2
Train_969.jpg,4,2,3
Train_970.jpg,2,2,4
Train_971.jpg,1,2,2
Train_972.jpg,2,2,0
Train_973.jpg,2,2,4
Train_974.jpg,2,2,0
Train_975.jpg,1,2,1
Train_976.jpg,1,2,1
Train_977.jpg,4,2,1
Train_978.jpg,1,2,1
Train_979.jpg,4,2,2
Train_980.jpg,4,2,1
Train_981.jpg,4,2,2
Train_982.jpg,1,2,4
Train_983.jpg,4,2,0
Train_984.jpg,2,2,4
Train_985.jpg,1,2,0
Train_986.jpg,2,2,4
Train_987.jpg,1,2,1
Train_988.jpg,2,2,1
Train_989.jpg,4,2,4
Train_990.jpg,2,2,4
Train_991.jpg,2,2,4
Train_992.jpg,2,2,1
Train_993.jpg,2,2,1
Train_994.jpg,2,2,0
Train_995.jpg,1,2,1
Train_996.jpg,1,2,3
Train_997.jpg,2,2,3
Train_998.jpg,2,2,1
Train_999.jpg,1,2,2
Train_1000.jpg,1,2,3
Train_1001.jpg,4,2,3
Train_1002.jpg,4,2,3
Train_1003.jpg,2,2,3
Train_1004.jpg,4,2,2
Train_1005.jpg,4,2,1
Train_1006.jpg,2,2,2
Train_1007.jpg,4,2,0
Train_1008.jpg,2,2,2
Train_1009.jpg,2,2,3
Train_1010.jpg,2,2,4
Train_1011.jpg,1,2,0
Train_1012.jpg,4,2,2
Train_1013.jpg,3,2,2
Train_1014.jpg,4,2,4
Train_1015.jpg,2,2,4
Train_1016.jpg,2,2,0
Train_1017.jpg,4,2,2
Train_1018.jpg,3,2,4
Train_1019.jpg,1,2,3
Train_1020.jpg,4,2,1
Train_1021.jpg,1,2,0
Train_1022.jpg,1,2,3
Train_1023.jpg,1,2,1
Train_1024.jpg,2,2,1
Train_1025.jpg,2,2,4
Train_1026.jpg,2,2,3
Train_1027.jpg,2,2,2
Train_1028.jpg,3,2,1
Train_1029.jpg,1,2,4
Train_1030.jpg,1,2,3
Train_1031.jpg,4,2,0
Train_1032.jpg,2,2,2
Train_1033.jpg,2,2,1
Train_1034.jpg,4,2,2
Train_1035.jpg,3,2,0
Train_1036.jpg,2,2,3
Train_1037.jpg,1,2,2
Train_1038.jpg,2,2,4
Train_1039.jpg,4,2,3
Train_1040.jpg,1,2,3
Train_1041.jpg,1,2,2
Train_1042.jpg,2,2,1
Train_1043.jpg,4,2,4
Train_1044.jpg,4,2,2
Train_1045.jpg,2,2,1
Train_1046.jpg,3,2,3
Train_1047.jpg,4,2,1
Train_1048.jpg,1,2,0
Train_1049.jpg,2,2,2
Train_1050.jpg,3,2,0
Train_1051.jpg,1,2,3
Train_1052.jpg,2,2,3
Train_1053.jpg,1,2,4
Train_1054.jpg,4,2,3
Train_1055.jpg,4,2,3
Train_1056.jpg,2,2,4
Train_1057.jpg,1,2,2
Train_1058.jpg,4,2,0
Train_1059.jpg,2,2,1
Train_1060.jpg,1,2,1
Train_1061.jpg,2,2,4
Train_1062.jpg,2,2,0
Train_1063.jpg,1,2,2
Train_1064.jpg,1,2,1
Train_1065.jpg,2,2,3
Train_1066.jpg,4,2,0
Train_1067.jpg,4,2,4
Train_1068.jpg,1,2,3
Train_1069.jpg,1,2,0
Train_1070.jpg,1,2,4
Train_1071.jpg,1,2,4
Train_1072.jpg,4,2,2
Train_1073.jpg,1,2,3
Train_1074.jpg,2,2,1
Train_1075.jpg,2,2,0
Train_1076.jpg,2,2,2
Train_1077.jpg,2,2,2
Train_1078.jpg,1,2,0
Train_1079.jpg,4,2,2
Train_1080.jpg,4,2,4
Train_1081.jpg,1,2,4
Train_1082.jpg,4,2,4
Train_1083.jpg,2,2,1
Train_1084.jpg,1,2,3
Train_1085.jpg,4,2,4
Train_1086.jpg,4,2,3
Train_1087.jpg,1,2,3
Train_1088.jpg,2,2,1
Train_1089.jpg,2,2,4
Train_1090.jpg,2,2,2
Train_1091.jpg,4,2,3
Train_1092.jpg,4,2,3
Train_1093.jpg,1,2,1
Train_1094.jpg,2,2,0
Train_1095.jpg,2,2,2
Train_1096.jpg,1,2,1
Train_1097.jpg,4,2,0
Train_1098.jpg,2,2,2
Train_1099.jpg,2,2,1
Train_1100.jpg,2,2,2
Train_1101.jpg,4,2,3
Train_1102.jpg,1,2,2
Train_1103.jpg,4,2,0
Train_1104.jpg,2,2,1
Train_1105.jpg,1,2,4
Train_1106.jpg,1,2,2
Train_1107.jpg,2,2,4
Train_1108.jpg,1,2,2
Train_1109.jpg,2,2,0
Train_1110.jpg,4,2,2
Train_1111.jpg,1,2,0
Train_1112.jpg,1,2,0
Train_1113.jpg,1,2,2
Train_1114.jpg,4,2,1
Train_1115.jpg,4,2,2
Train_1116.jpg,1,2,4
Train_1117.jpg,4,2,3
Train_1118.jpg,1,2,3
Train_1119.jpg,3,2,4
Train_1120.jpg,2,2,0
Train_1121.jpg,1,2,2
Train_1122.jpg,1,2,4
Train_1123.jpg,4,2,1
Train_1124.jpg,2,2,4
Train_1125.jpg,1,2,4
Train_1126.jpg,1,2,2
Train_1127.jpg,2,2,0
Train_1128.jpg,2,2,0
Train_1129.jpg,3,2,2
Train_1130.jpg,2,2,4
Train_1131.jpg,4,2,0
Train_1132.jpg,2,2,2
Train_1133.jpg,4,2,2
Train_1134.jpg,3,2,2
Train_1135.jpg,2,2,3
Train_1136.jpg,2,2,3
Train_1137.jpg,2,2,4
Train_1138.jpg,1,2,3
Train_1139.jpg,4,2,0
Train_1140.jpg,2,2,0
Train_1141.jpg,4,2,4
Train_1142.jpg,1,2,1
Train_1143.jpg,2,2,2
Train_1144.jpg,1,2,0
Train_1145.jpg,1,2,1
Train_1146.jpg,4,2,1
Train_1147.jpg,1,2,4
Train_1148.jpg,1,2,0
Train_1149.jpg,1,2,2
Train_1150.jpg,1,2,3
Train_1151.jpg,4,2,1
Train_1152.jpg,2,2,2
Train_1153.jpg,4,2,4
Train_1154.jpg,1,2,0
Train_1155.jpg,2,2,3
Train_1156.jpg,2,2,0
Train_1157.jpg,2,2,4
Train_1158.jpg,1,2,2
Train_1159.jpg,4,2,2
Train_1160.jpg,4,2,3
Train_1161.jpg,3,2,4
Train_1162.jpg,2,2,0
Train_1163.jpg,1,2,1
Train_1164.jpg,4,2,1
Train_1165.jpg,1,2,4
Train_1166.jpg,2,2,2
Train_1167.jpg,2,2,0
Train_1168.jpg,2,2,2
Train_1169.jpg,1,2,4
Train_1170.jpg,2,2,1
Train_1171.jpg,4,2,2
Train_1172.jpg,2,2,0
Train_1173.jpg,3,2,3
Train_1174.jpg,2,2,0
Train_1175.jpg,1,2,1
Train_1176.jpg,4,2,2
Train_1177.jpg,1,2,0
Train_1178.jpg,2,2,3
Train_1179.jpg,1,2,3
Train_1180.jpg,4,2,2
Train_1181.jpg,2,2,1
Train_1182.jpg,2,2,0
Train_1183.jpg,2,2,0
Train_1184.jpg,1,2,4
Train_1185.jpg,1,2,2
Train_1186.jpg,4,2,1
Train_1187.jpg,1,2,3
Train_1188.jpg,2,2,1
Train_1189.jpg,1,2,0
Train_1190.jpg,2,2,4
Train_1191.jpg,1,2,1
Train_1192.jpg,2,2,3
Train_1193.jpg,4,2,4
Train_1194.jpg,1,2,0
Train_1195.jpg,4,2,2
Train_1196.jpg,1,2,3
Train_1197.jpg,3,2,4
Train_1198.jpg,4,2,3
Train_1199.jpg,4,2,2
Train_1200.jpg,1,2,0
Train_1201.jpg,2,2,4
Train_1202.jpg,2,2,0
Train_1203.jpg,2,2,1
Train_1204.jpg,1,2,4
Train_1205.jpg,1,2,2
Train_1206.jpg,1,2,0
Train_1207.jpg,1,2,2
Train_1208.jpg,2,2,3
Train_1209.jpg,2,2,3
Train_1210.jpg,4,2,4
Train_1211.jpg,2,2,1
Train_1212.jpg,2,2,1
Train_1213.jpg,1,2,1
Train_1214.jpg,4,2,1
Train_1215.jpg,1,2,0
Train_1216.jpg,3,2,4
Train_1217.jpg,2,2,2
Train_1218.jpg,2,2,3
Train_1219.jpg,1,2,3
Train_1220.jpg,1,2,2
Train_1221.jpg,2,2,3
Train_1222.jpg,1,2,1
Train_1223.jpg,4,2,4
Train_1224.jpg,4,2,1
Train_1225.jpg,1,2,0
Train_1226.jpg,2,2,1
Train_1227.jpg,4,2,2
Train_1228.jpg,2,2,4
Train_1229.jpg,1,2,4
Train_1230.jpg,4,2,0
Train_1231.jpg,1,2,0
Train_1232.jpg,2,2,2
Train_1233.jpg,1,2,4
Train_1234.jpg,3,2,1
Train_1235.jpg,1,2,2
Train_1236.jpg,3,2,4
Train_1237.jpg,4,2,0
Train_1238.jpg,2,2,3
Train_1239.jpg,4,2,0
Train_1240.jpg,4,2,2
Train_1241.jpg,2,2,1
Train_1242.jpg,2,2,1
Train_1243.jpg,2,2,4
Train_1244.jpg,1,2,0
Train_1245.jpg,4,2,4
Train_1246.jpg,2,2,0
Train_1247.jpg,4,2,0
Train_1248.jpg,4,2,0
Train_1249.jpg,2,2,4
Train_1250.jpg,2,2,2
Train_1251.jpg,4,2,4
Train_1252.jpg,2,2,3
Train_1253.jpg,1,2,4
Train_1254.jpg,4,2,4
Train_1255.jpg,1,2,4
Train_1256.jpg,1,2,3
Train_1257.jpg,4,2,3
Train_1258.jpg,2,2,0
Train_1259.jpg,2,2,1
Train_1260.jpg,1,2,0
Train_1261.jpg,4,2,4
Train_1262.jpg,1,2,0
Train_1263.jpg,1,2,2
Train_1264.jpg,3,2,0
Train_1265.jpg,4,2,4
Train_1266.jpg,1,2,1
Train_1267.jpg,1,2,4
Train_1268.jpg,1,2,4
Train_1269.jpg,2,2,2
Train_1270.jpg,3,2,4
Train_1271.jpg,4,2,2
Train_1272.jpg,1,2,1
Train_1273.jpg,2,2,3
Train_1274.jpg,2,2,3
Train_1275.jpg,1,2,1
Train_1276.jpg,2,2,2
Train_1277.jpg,4,2,4
Train_1278.jpg,2,2,1
Train_1279.jpg,2,2,1
Train_1280.jpg,3,2,0
Train_1281.jpg,2,2,4
Train_1282.jpg,4,2,4
Train_1283.jpg,1,2,3
Train_1284.jpg,1,2,3
Train_1285.jpg,4,2,0
Train_1286.jpg,4,2,2
Train_1287.jpg,4,2,4
Train_1288.jpg,2,2,1
Train_1289.jpg,4,2,1
Train_1290.jpg,1,2,3
Train_1291.jpg,1,2,3
Train_1292.jpg,1,2,0
Train_1293.jpg,2,2,4
Train_1294.jpg,2,2,0
Train_1295.jpg,2,2,0
Train_1296.jpg,2,2,4
Train_1297.jpg,4,2,0
Train_1298.jpg,2,2,2
Train_1299.jpg,1,2,3
Train_1300.jpg,1,2,1
Train_1301.jpg,2,2,2
Train_1302.jpg,1,2,3
Train_1303.jpg,2,2,2
Train_1304.jpg,4,2,1
Train_1305.jpg,2,2,1
Train_1306.jpg,4,2,3
Train_1307.jpg,1,2,2
Train_1308.jpg,2,2,0
Train_1309.jpg,4,2,3
Train_1310.jpg,3,2,1
Train_1311.jpg,1,2,3
Train_1312.jpg,2,2,1
Train_1313.jpg,4,2,2
Train_1314.jpg,1,2,4
Train_1315.jpg,2,2,3
Train_1316.jpg,1,2,4
Train_1317.jpg,2,2,4
Train_1318.jpg,1,2,0
Train_1319.jpg,1,2,4
Train_1320.jpg,1,2,4
Train_1321.jpg,1,2,1
Train_1322.jpg,1,2,0
Train_1323.jpg,2,2,4
Train_1324.jpg,1,2,1
Train_1325.jpg,4,2,1
Train_1326.jpg,1,2,2
Train_1327.jpg,1,2,3
Train_1328.jpg,4,2,0
Train_1329.jpg,2,2,2
Train_1330.jpg,1,2,1
Train_1331.jpg,2,2,2
Train_1332.jpg,1,2,0
Train_1333.jpg,2,2,3
Train_1334.jpg,2,2,1
Train_1335.jpg,4,2,3
Train_1336.jpg,2,2,1
Train_1337.jpg,2,2,4
Train_1338.jpg,2,2,1
Train_1339.jpg,2,2,0
Train_1340.jpg,1,2,2
Train_1341.jpg,4,2,2
Train_1342.jpg,1,2,3
Train_1343.jpg,2,2,2
Train_1344.jpg,1,2,2
Train_1345.jpg,2,2,0
Train_1346.jpg,2,2,4
Train_1347.jpg,4,2,4
Train_1348.jpg,4,2,2
Train_1349.jpg,4,2,1
Train_1350.jpg,2,2,4
Train_1351.jpg,1,2,0
Train_1352.jpg,1,2,1
Train_1353.jpg,2,2,4
Train_1354.jpg,4,2,4
Train_1355.jpg,4,2,1
Train_1356.jpg,4,2,1
Train_1357.jpg,4,2,0
Train_1358.jpg,3,2,0
Train_1359.jpg,1,2,1
Train_1360.jpg,2,2,4
Train_1361.jpg,2,2,0
Train_1362.jpg,2,2,2
Train_1363.jpg,2,2,0
Train_1364.jpg,1,2,2
Train_1365.jpg,1,2,1
Train_1366.jpg,4,2,3
Train_1367.jpg,2,2,2
Train_1368.jpg,4,2,4
Train_1369.jpg,3,2,0
Train_1370.jpg,1,2,3
Train_1371.jpg,4,2,2
Train_1372.jpg,4,2,1
Train_1373.jpg,1,2,1
Train_1374.jpg,1,2,1
Train_1375.jpg,2,2,1
Train_1376.jpg,1,2,2
Train_1377.jpg,4,2,4
Train_1378.jpg,1,2,3
Train_1379.jpg,1,2,0
Train_1380.jpg,4,2,3
Train_1381.jpg,4,2,1
Train_1382.jpg,2,2,1
Train_1383.jpg,2,2,0
Train_1384.jpg,2,2,0
Train_1385.jpg,2,2,0
Train_1386.jpg,4,2,0
Train_1387.jpg,1,2,2
Train_1388.jpg,4,2,0
Train_1389.jpg,4,2,4
Train_1390.jpg,3,2,1
Train_1391.jpg,4,2,1
Train_1392.jpg,4,2,0
Train_1393.jpg,2,2,1
Train_1394.jpg,1,2,0
Train_1395.jpg,2,2,0
Train_1396.jpg,4,2,1
Train_1397.jpg,4,2,0
Train_1398.jpg,1,2,0
Train_1399.jpg,1,2,0
Train_1400.jpg,1,2,3
Train_1401.jpg,2,2,0
Train_1402.jpg,1,2,3
Train_1403.jpg,2,2,2
Train_1404.jpg,1,2,4
Train_1405.jpg,2,2,1
Train_1406.jpg,1,2,4
Train_1407.jpg,1,2,1
Train_1408.jpg,4,2,0
Train_1409.jpg,1,2,3
Train_1410.jpg,2,2,2
Train_1411.jpg,2,2,2
Train_1412.jpg,1,2,4
Train_1413.jpg,1,2,1
Train_1414.jpg,4,2,4
Train_1415.jpg,4,2,0
Train_1416.jpg,2,2,3
Train_1417.jpg,4,2,1
Train_1418.jpg,1,2,2
Train_1419.jpg,2,2,2
Train_1420.jpg,4,2,0
Train_1421.jpg,2,2,4
Train_1422.jpg,1,2,1
Train_1423.jpg,1,2,1
Train_1424.jpg,4,2,2
Train_1425.jpg,1,2,3
Train_1426.jpg,4,2,2
Train_1427.jpg,1,2,0
Train_1428.jpg,1,2,0
Train_1429.jpg,2,2,3
Train_1430.jpg,2,2,2
Train_1431.jpg,2,2,4
Train_1432.jpg,4,2,0
Train_1433.jpg,3,2,0
Train_1434.jpg,1,2,1
Train_1435.jpg,2,2,4
Train_1436.jpg,2,2,1
Train_1437.jpg,1,2,1
Train_1438.jpg,4,2,4
Train_1439.jpg,1,2,4
Train_1440.jpg,4,2,1
Train_1441.jpg,1,2,1
Train_1442.jpg,4,2,3
Train_1443.jpg,1,2,4
Train_1444.jpg,2,2,4
Train_1445.jpg,2,2,1
Train_1446.jpg,1,2,4
Train_1447.jpg,4,2,1
Train_1448.jpg,2,2,2
Train_1449.jpg,4,2,1
Train_1450.jpg,2,2,0
Train_1451.jpg,1,2,0
Train_1452.jpg,2,2,1
Train_1453.jpg,1,2,2
Train_1454.jpg,3,2,3
Train_1455.jpg,1,2,0
Train_1456.jpg,2,2,0
Train_1457.jpg,4,2,4
Train_1458.jpg,1,2,1
Train_1459.jpg,4,2,2
Train_1460.jpg,2,2,2
Train_1461.jpg,1,2,3
Train_1462.jpg,1,2,3
Train_1463.jpg,4,2,0
Train_1464.jpg,2,2,4
Train_1465.jpg,1,2,3
Train_1466.jpg,4,2,1
Train_1467.jpg,2,2,2
Train_1468.jpg,3,2,4
Train_1469.jpg,1,2,3
Train_1470.jpg,2,2,3
Train_1471.jpg,1,2,0
Train_1472.jpg,1,2,1
Train_1473.jpg,2,2,3
Train_1474.jpg,4,2,2
Train_1475.jpg,1,2,2
Train_1476.jpg,4,2,3
Train_1477.jpg,4,2,3
Train_1478.jpg,4,2,3
Train_1479.jpg,4,2,3
Train_1480.jpg,1,2,2
Train_1481.jpg,2,2,2
Train_1482.jpg,4,2,2
Train_1483.jpg,2,2,0
Train_1484.jpg,2,2,3
Train_1485.jpg,1,2,0
Train_1486.jpg,1,2,0
Train_1487.jpg,1,2,3
Train_1488.jpg,2,2,4
Train_1489.jpg,4,2,1
Train_1490.jpg,1,2,4
Train_1491.jpg,1,2,3
Train_1492.jpg,1,2,2
Train_1493.jpg,2,2,4
Train_1494.jpg,3,2,0
Train_1495.jpg,2,2,3
Train_1496.jpg,4,2,4
Train_1497.jpg,4,2,4
Train_1498.jpg,2,2,1
Train_1499.jpg,1,2,0
Train_1500.jpg,2,2,4
Train_1501.jpg,2,2,1
Train_1502.jpg,1,2,1
Train_1503.jpg,2,2,3
Train_1504.jpg,4,2,1
Train_1505.jpg,2,2,3
Train_1506.jpg,2,2,3
Train_1507.jpg,2,2,3
Train_1508.jpg,4,2,3
Train_1509.jpg,1,2,0
Train_1510.jpg,1,2,3
Train_1511.jpg,1,2,0
Train_1512.jpg,1,2,1
Train_1513.jpg,4,2,4
Train_1514.jpg,3,2,1
Train_1515.jpg,1,2,2
Train_1516.jpg,1,2,1
Train_1517.jpg,4,2,0
Train_1518.jpg,2,2,3
Train_1519.jpg,2,2,1
Train_1520.jpg,2,2,4
Train_1521.jpg,2,2,2
Train_1522.jpg,2,2,4
Train_1523.jpg,2,2,1
Train_1524.jpg,1,2,3
Train_1525.jpg,1,2,4
Train_1526.jpg,3,2,0
Train_1527.jpg,1,2,3
Train_1528.jpg,4,2,0
Train_1529.jpg,2,2,3
Train_1530.jpg,4,2,1
Train_1531.jpg,3,2,1
Train_1532.jpg,2,2,1
Train_1533.jpg,4,2,0
Train_1534.jpg,2,2,2
Train_1535.jpg,1,2,0
Train_1536.jpg,3,2,3
Train_1537.jpg,2,2,4
Train_1538.jpg,4,2,3
Train_1539.jpg,4,2,0
Train_1540.jpg,1,2,3
Train_1541.jpg,4,2,0
Train_1542.jpg,2,2,1
Train_1543.jpg,2,2,1
Train_1544.jpg,2,2,4
Train_1545.jpg,1,2,2
Train_1546.jpg,4,2,2
Train_1547.jpg,1,2,2
Train_1548.jpg,4,2,1
Train_1549.jpg,4,2,2
Train_1550.jpg,2,2,3
Train_1551.jpg,1,2,1
Train_1552.jpg,4,2,2
Train_1553.jpg,2,2,4
Train_1554.jpg,3,2,2
Train_1555.jpg,4,2,0
Train_1556.jpg,4,2,0
Train_1557.jpg,4,2,3
Train_1558.jpg,3,2,3
Train_1559.jpg,4,2,0
Train_1560.jpg,1,2,1
Train_1561.jpg,1,2,0
Train_1562.jpg,4,2,3
Train_1563.jpg,4,2,0
Train_1564.jpg,4,2,3
Train_1565.jpg,1,2,3
Train_1566.jpg,1,2,2
Train_1567.jpg,1,2,2
Train_1568.jpg,2,2,2
Train_1569.jpg,1,2,0
Train_1570.jpg,2,2,4
Train_1571.jpg,1,2,0
Train_1572.jpg,2,2,0
Train_1573.jpg,3,2,2
Train_1574.jpg,1,2,2
Train_1575.jpg,4,2,3
Train_1576.jpg,1,2,1
Train_1577.jpg,3,2,3
Train_1578.jpg,1,2,2
Train_1579.jpg,1,2,3
Train_1580.jpg,2,2,0
Train_1581.jpg,1,2,4
Train_1582.jpg,2,2,0
Train_1583.jpg,4,2,3
Train_1584.jpg,1,2,2
Train_1585.jpg,4,2,3
Train_1586.jpg,2,2,2
Train_1587.jpg,4,2,1
Train_1588.jpg,2,2,2
Train_1589.jpg,2,2,3
Train_1590.jpg,4,2,0
Train_1591.jpg,1,2,0
Train_1592.jpg,1,2,4
Train_1593.jpg,4,2,3
Train_1594.jpg,1,2,2
Train_1595.jpg,1,2,0
Train_1596.jpg,1,2,1
Train_1597.jpg,4,2,3
Train_1598.jpg,4,2,1
Train_1599.jpg,1,2,3
Train_1600.jpg,4,2,4
Train_1601.jpg,4,2,3
Train_1602.jpg,1,2,1
Train_1603.jpg,1,2,1
Train_1604.jpg,4,2,0
Train_1605.jpg,4,2,4
Train_1606.jpg,1,2,4
Train_1607.jpg,1,2,1
Train_1608.jpg,4,2,0
Train_1609.jpg,3,2,2
Train_1610.jpg,4,2,2
Train_1611.jpg,4,2,1
Train_1612.jpg,4,2,4
Train_1613.jpg,1,2,0
Train_1614.jpg,4,2,2
Train_1615.jpg,4,2,4
Train_1616.jpg,4,2,3
Train_1617.jpg,4,2,3
Train_1618.jpg,3,2,4
Train_1619.jpg,2,2,2
Train_1620.jpg,2,2,3
Train_1621.jpg,4,2,3
Train_1622.jpg,2,2,4
Train_1623.jpg,2,2,4
Train_1624.jpg,1,2,0
Train_1625.jpg,1,2,4
Train_1626.jpg,1,2,0
Train_1627.jpg,2,2,4
Train_1628.jpg,2,2,3
Train_1629.jpg,1,2,0
Train_1630.jpg,1,2,4
Train_1631.jpg,4,2,1
Train_1632.jpg,2,2,3
Train_1633.jpg,4,2,3
Train_1634.jpg,4,2,2
Train_1635.jpg,4,2,3
Train_1636.jpg,2,2,3
Train_1637.jpg,2,2,1
Train_1638.jpg,2,2,4
Train_1639.jpg,2,2,1
Train_1640.jpg,1,2,4
Train_1641.jpg,3,2,1
Train_1642.jpg,1,2,3
Train_1643.jpg,2,2,0
Train_1644.jpg,1,2,0
Train_1645.jpg,2,2,4
Train_1646.jpg,4,2,4
Train_1647.jpg,2,2,2
Train_1648.jpg,3,2,2
Train_1649.jpg,1,2,0
Train_1650.jpg,2,2,4
Train_1651.jpg,1,2,2
Train_1652.jpg,2,2,3
Train_1653.jpg,4,2,1
Train_1654.jpg,4,2,1
Train_1655.jpg,1,2,3
Train_1656.jpg,4,2,1
Train_1657.jpg,1,2,3
Train_1658.jpg,2,2,2
Train_1659.jpg,2,2,0
Train_1660.jpg,2,2,2
Train_1661.jpg,4,2,3
Train_1662.jpg,3,2,4
Train_1663.jpg,4,2,3
Train_1664.jpg,3,2,2
Train_1665.jpg,1,2,4
Train_1666.jpg,4,2,2
Train_1667.jpg,4,2,3
Train_1668.jpg,1,2,0
Train_1669.jpg,4,2,3
Train_1670.jpg,4,2,0
Train_1671.jpg,1,2,1
Train_1672.jpg,4,2,3
Train_1673.jpg,2,2,2
Train_1674.jpg,1,2,4
Train_1675.jpg,4,2,0
Train_1676.jpg,4,2,4
Train_1677.jpg,1,2,0
Train_1678.jpg,1,2,3
Train_1679.jpg,1,2,4
Train_1680.jpg,2,2,2
Train_1681.jpg,4,2,2
Train_1682.jpg,4,2,3
Train_1683.jpg,4,2,4
Train_1684.jpg,1,2,2
Train_1685.jpg,2,2,2
Train_1686.jpg,1,2,1
Train_1687.jpg,4,2,4
Train_1688.jpg,2,2,3
Train_1689.jpg,1,2,3
Train_1690.jpg,2,2,2
Train_1691.jpg,4,2,3
Train_1692.jpg,2,2,3
Train_1693.jpg,4,2,0
Train_1694.jpg,4,2,3
Train_1695.jpg,1,2,4
Train_1696.jpg,2,2,4
Train_1697.jpg,4,2,4
Train_1698.jpg,4,2,2
Train_1699.jpg,1,2,0
Train_1700.jpg,2,2,1
Train_1701.jpg,2,2,4
Train_1702.jpg,2,2,2
Train_1703.jpg,2,2,0
Train_1704.jpg,2,2,4
Train_1705.jpg,2,2,0
Train_1706.jpg,4,2,2
Train_1707.jpg,1,2,1
Train_1708.jpg,3,2,2
Train_1709.jpg,1,2,2
Train_1710.jpg,1,2,3
Train_1711.jpg,2,2,3
Train_1712.jpg,1,2,4
Train_1713.jpg,2,2,4
Train_1714.jpg,1,2,1
Train_1715.jpg,2,2,4
Train_1716.jpg,2,2,2
Train_1717.jpg,2,2,2
Train_1718.jpg,1,2,4
Train_1719.jpg,2,2,0
Train_1720.jpg,1,2,4
Train_1721.jpg,2,2,4
Train_1722.jpg,1,2,4
Train_1723.jpg,4,2,2
Train_1724.jpg,4,2,1
Train_1725.jpg,1,2,3
Train_1726.jpg,1,2,4
Train_1727.jpg,2,2,0
Train_1728.jpg,2,2,1
Train_1729.jpg,1,2,1
Train_1730.jpg,2,2,4
Train_1731.jpg,4,2,3
Train_1732.jpg,1,2,3
Train_1733.jpg,4,2,3
Train_1734.jpg,4,2,0
Train_1735.jpg,4,2,2
Train_1736.jpg,1,2,4
Train_1737.jpg,2,2,0
Train_1738.jpg,1,2,2
Train_1739.jpg,2,2,1
Train_1740.jpg,1,2,0
Train_1741.jpg,4,2,2
Train_1742.jpg,2,2,0
Train_1743.jpg,1,2,2
Train_1744.jpg,2,2,4
Train_1745.jpg,1,2,4
Train_1746.jpg,1,2,2
Train_1747.jpg,2,2,4
Train_1748.jpg,4,2,0
Train_1749.jpg,1,2,0
Train_1750.jpg,4,2,0
Train_1751.jpg,2,2,1
Train_1752.jpg,1,2,1
Train_1753.jpg,1,2,4
Train_1754.jpg,2,2,3
Train_1755.jpg,1,2,2
Train_1756.jpg,2,2,3
Train_1757.jpg,1,2,2
Train_1758.jpg,2,2,0
Train_1759.jpg,2,2,2
Train_1760.jpg,4,2,1
Train_1761.jpg,2,2,4
Train_1762.jpg,2,2,4
Train_1763.jpg,1,2,3
Train_1764.jpg,1,2,3
Train_1765.jpg,2,2,0
Train_1766.jpg,1,2,4
Train_1767.jpg,2,2,1
Train_1768.jpg,2,2,3
Train_1769.jpg,2,2,0
Train_1770.jpg,4,2,3
Train_1771.jpg,1,2,3
Train_1772.jpg,1,2,4
Train_1773.jpg,1,2,0
Train_1774.jpg,4,2,2
Train_1775.jpg,1,2,2
Train_1776.jpg,4,2,2
Train_1777.jpg,4,2,4
Train_1778.jpg,4,2,2
Train_1779.jpg,3,2,3
Train_1780.jpg,3,2,4
Train_1781.jpg,4,2,3
Train_1782.jpg,4,2,0
Train_1783.jpg,1,2,1
Train_1784.jpg,3,2,1
Train_1785.jpg,1,2,0
Train_1786.jpg,1,2,1
Train_1787.jpg,2,2,4
Train_1788.jpg,1,2,0
Train_1789.jpg,4,2,3
Train_1790.jpg,1,2,2
Train_1791.jpg,1,2,4
Train_1792.jpg,1,2,3
Train_1793.jpg,2,2,3
Train_1794.jpg,4,2,4
Train_1795.jpg,1,2,3
Train_1796.jpg,1,2,2
Train_1797.jpg,1,2,1
Train_1798.jpg,1,2,3
Train_1799.jpg,4,2,3
Train_1800.jpg,2,2,0
Train_1801.jpg,2,2,0
Train_1802.jpg,1,2,2
Train_1803.jpg,4,2,2
Train_1804.jpg,2,2,2
Train_1805.jpg,1,2,0
Train_1806.jpg,2,2,3
Train_1807.jpg,4,2,1
Train_1808.jpg,4,2,4
Train_1809.jpg,2,2,1
Train_1810.jpg,4,2,2
Train_1811.jpg,1,2,2
Train_1812.jpg,2,2,0
Train_1813.jpg,1,2,2
Train_1814.jpg,4,2,1
Train_1815.jpg,3,2,2
Train_1816.jpg,2,2,4
Train_1817.jpg,4,2,3
Train_1818.jpg,4,2,1
Train_1819.jpg,1,2,3
Train_1820.jpg,2,2,0
